[
    {
        "name":"测试一（简单）",
        "forward":"test1",
        "parameters":null
    },
    {
        "name":"测试二（带参数）",
        "forward":"test2",
        "parameters":{
            "name":"小花",
            "age":18
        }
    },
    {
        "name":"测试三（新路由1）",
        "forward":"Test",
        "parameters":null
    },
    {
        "name":"测试三（新路由2）",
        "forward":"Test",
        "parameters":{
            "name":"小花",
            "age":18
        }
    },
    {
        "name":"更多1",
        "forward":"Test",
        "parameters":null
    },
    {
        "name":"更多2",
        "forward":"Test",
        "parameters":null
    },
    {
        "name":"更多3",
        "forward":"Test",
        "parameters":null
    },
    {
        "name":"更多4",
        "forward":"Test",
        "parameters":null
    },
    {
        "name":"更多5",
        "forward":"Test",
        "parameters":null
    },
    {
        "name":"更多6",
        "forward":"Test",
        "parameters":null
    },
    {
        "name":"更多7",
        "forward":"Test",
        "parameters":null
    },
    {
        "name":"更多8",
        "forward":"Test",
        "parameters":null
    },
    {
        "name":"更多9",
        "forward":"Test",
        "parameters":null
    },
    {
        "name":"更多10",
        "forward":"Test",
        "parameters":null
    },
    {
        "name":"更多11",
        "forward":"Test",
        "parameters":null
    },
    {
        "name":"更多12",
        "forward":"Test",
        "parameters":null
    },
    {
        "name":"更多13",
        "forward":"Test",
        "parameters":null
    },
    {
        "name":"更多14",
        "forward":"Test",
        "parameters":null
    },
    {
        "name":"更多15",
        "forward":"Test",
        "parameters":null
    }
]

